Audio,MELPe @0.600kbps,MELPe @1.200kbps,Encodec @1.500kbps,LLM-Codec @0.850kbps,WavTokenizer @0.500kbps,WavTokenizer @0.900kbps,DAC @0.500kbps,DAC @1.000kbps,PLS-Codec @0.097kbps
6432-63722-0052,0.3076923076923077,0.15384615384615385,0.0,0.0,0.15384615384615385,0.0,0.9230769230769231,0.15384615384615385,0.0
3528-168669-0091,1.0,0.0,0.0,0.0,0.0,0.0,1.5,0.25,0.0
8131-117017-0004,0.0,0.0,0.14285714285714285,0.14285714285714285,0.14285714285714285,0.0,0.8571428571428571,0.0,0.0
8131-117016-0017,0.16666666666666666,0.0,0.0,0.0,0.16666666666666666,0.0,0.8333333333333334,0.0,0.0
8131-117016-0050,1.0,0.4,0.0,0.2,0.2,0.6,0.6,0.4,0.0
