Audio,Opus @4.000kbps,Opus @6.000kbps,MELPe @0.600kbps,MELPe @1.200kbps,MELPe @2.400kbps,Encodec @1.500kbps,Encodec @3.000kbps,Encodec @6.000kbps,HIFI-Codec @2.000kbps,LLM-Codec @0.850kbps,WavTokenizer @0.500kbps,WavTokenizer @0.900kbps,DAC @0.500kbps,DAC @1.000kbps,DAC @1.500kbps,DAC @2.000kbps,DAC @2.500kbps,DAC @3.000kbps,DAC @3.500kbps,DAC @4.000kbps,DAC @4.500kbps,DAC @5.000kbps,DAC @5.500kbps,DAC @6.000kbps,TPA-Codec @0.097kbps,TPA-Codec @0.108kbps,TPA-Codec @0.608kbps,TPA-Codec @1.108kbps,TPA-Codec @1.608kbps,TPA-Codec @2.108kbps,TPA-Codec @2.608kbps,TPA-Codec @3.108kbps,TPA-Codec @3.608kbps,TPA-Codec @4.108kbps,TPA-Codec @4.608kbps,TPA-Codec @5.108kbps,TPA-Codec @5.608kbps,TPA-Codec @6.108kbps
1580-141084-0036,0.0,0.0,0.42857142857142855,0.0,0.0,0.0,0.0,0.0,0.0,0.0,0.5714285714285714,0.14285714285714285,1.0,0.0,0.0,0.0,0.0,0.0,0.0,0.0,0.0,0.0,0.0,0.0,0.0,0.0,0.0,0.0,0.0,0.0,0.0,0.0,0.0,0.0,0.0,0.0,0.0,0.0
237-134500-0008,0.15384615384615385,0.0,0.3076923076923077,0.0,0.0,0.07692307692307693,0.0,0.0,0.0,0.3076923076923077,0.23076923076923078,0.0,0.6923076923076923,0.15384615384615385,0.07692307692307693,0.07692307692307693,0.0,0.0,0.0,0.0,0.0,0.0,0.0,0.0,0.0,0.0,0.0,0.0,0.0,0.0,0.0,0.0,0.0,0.0,0.0,0.0,0.0,0.0
6829-68771-0022,0.0,0.0,0.07692307692307693,0.07692307692307693,0.0,0.07692307692307693,0.0,0.0,0.0,0.23076923076923078,0.07692307692307693,0.15384615384615385,0.7692307692307693,0.6923076923076923,0.0,0.0,0.0,0.0,0.0,0.0,0.0,0.0,0.0,0.0,0.0,0.0,0.0,0.0,0.0,0.0,0.0,0.0,0.0,0.0,0.0,0.0,0.0,0.0
4446-2273-0002,0.0,0.0,0.16666666666666666,0.08333333333333333,0.08333333333333333,0.08333333333333333,0.0,0.0,0.0,0.08333333333333333,0.25,0.0,0.75,0.16666666666666666,0.0,0.0,0.0,0.0,0.0,0.0,0.0,0.0,0.0,0.0,0.0,0.0,0.0,0.0,0.0,0.0,0.0,0.0,0.0,0.0,0.0,0.0,0.0,0.0
4077-13754-0000,0.07692307692307693,0.0,0.23076923076923078,0.07692307692307693,0.0,0.0,0.0,0.0,0.0,0.0,0.23076923076923078,0.0,0.8461538461538461,0.38461538461538464,0.07692307692307693,0.0,0.0,0.0,0.0,0.0,0.0,0.0,0.0,0.0,0.0,0.0,0.0,0.0,0.0,0.0,0.0,0.0,0.0,0.0,0.0,0.0,0.0,0.0
