Audio,Opus @4.000kbps,Opus @6.000kbps,MELPe @0.600kbps,MELPe @1.200kbps,MELPe @2.400kbps,Encodec @1.500kbps,Encodec @3.000kbps,Encodec @6.000kbps,HIFI-Codec @2.000kbps,LLM-Codec @0.850kbps,WavTokenizer @0.500kbps,WavTokenizer @0.900kbps,DAC @0.500kbps,DAC @1.000kbps,DAC @1.500kbps,DAC @2.000kbps,DAC @2.500kbps,DAC @3.000kbps,DAC @3.500kbps,DAC @4.000kbps,DAC @4.500kbps,DAC @5.000kbps,DAC @5.500kbps,DAC @6.000kbps,TPA-Codec @0.097kbps,TPA-Codec @0.108kbps,TPA-Codec @0.608kbps,TPA-Codec @1.108kbps,TPA-Codec @1.608kbps,TPA-Codec @2.108kbps,TPA-Codec @2.608kbps,TPA-Codec @3.108kbps,TPA-Codec @3.608kbps,TPA-Codec @4.108kbps,TPA-Codec @4.608kbps,TPA-Codec @5.108kbps,TPA-Codec @5.608kbps,TPA-Codec @6.108kbps
3528-168669-0025,0.125,0.125,0.625,0.125,0.125,0.125,0.125,0.125,0.125,0.25,0.625,0.125,0.625,0.125,0.125,0.125,0.125,0.125,0.125,0.0,0.0,0.0,0.0,0.0,0.0,0.0,0.0,0.0,0.0,0.0,0.0,0.0,0.0,0.0,0.0,0.0,0.0,0.0
8131-117017-0004,0.0,0.0,0.0,0.0,0.0,0.14285714285714285,0.0,0.0,0.0,0.14285714285714285,0.14285714285714285,0.0,0.8571428571428571,0.0,0.0,0.0,0.0,0.0,0.0,0.0,0.0,0.0,0.0,0.0,0.0,0.0,0.0,0.0,0.0,0.0,0.0,0.0,0.0,0.0,0.0,0.0,0.0,0.0
8131-117016-0017,0.16666666666666666,0.0,0.16666666666666666,0.0,0.16666666666666666,0.0,0.0,0.0,0.0,0.0,0.16666666666666666,0.0,0.8333333333333334,0.0,0.16666666666666666,0.0,0.0,0.0,0.0,0.0,0.0,0.0,0.0,0.0,0.0,0.0,0.0,0.0,0.0,0.0,0.0,0.0,0.0,0.0,0.0,0.0,0.0,0.0
3005-163390-0006,0.0,0.0,0.375,0.0,0.0,0.125,0.0,0.0,0.0,0.125,0.125,0.0,1.125,0.75,0.125,0.0,0.0,0.0,0.0,0.0,0.0,0.0,0.0,0.0,0.0,0.0,0.0,0.0,0.0,0.0,0.0,0.0,0.0,0.0,0.0,0.0,0.0,0.0
3005-163390-0003,0.0,0.0,0.0,0.0,0.0,0.0,0.0,0.0,0.0,0.5,0.25,0.75,1.0,1.25,0.0,0.0,0.0,0.0,0.0,0.0,0.0,0.0,0.0,0.0,0.0,0.0,0.0,0.0,0.0,0.0,0.0,0.0,0.0,0.0,0.0,0.0,0.0,0.0
