Audio,MELPe @0.600kbps,MELPe @1.200kbps,Encodec @1.500kbps,LLM-Codec @0.850kbps,WavTokenizer @0.500kbps,WavTokenizer @0.900kbps,DAC @0.500kbps,DAC @1.000kbps,PLS-Codec @0.097kbps
1580-141084-0022,0.8,0.0,0.0,0.0,0.4,0.2,1.2,0.2,0.0
1580-141083-0013,0.08333333333333333,0.0,0.0,0.0,0.16666666666666666,0.0,0.6666666666666666,0.0,0.0
61-70968-0008,0.07142857142857142,0.07142857142857142,0.0,0.07142857142857142,0.14285714285714285,0.0,0.7142857142857143,0.14285714285714285,0.0
6829-68771-0022,0.07692307692307693,0.07692307692307693,0.07692307692307693,0.23076923076923078,0.07692307692307693,0.15384615384615385,0.7692307692307693,0.6923076923076923,0.0
4446-2273-0002,0.16666666666666666,0.08333333333333333,0.08333333333333333,0.08333333333333333,0.25,0.0,0.75,0.16666666666666666,0.0
